{
    "type":  "FeatureCollection",
    "name":  "Mika Memorial Rideout - Route als Acht",
    "properties":  {
                       "source":  "OSRM auf Basis von OpenStreetMap-Daten mit lokaler Geometriekorrektur",
                       "generatedAtUtc":  "2026-08-11T18:22:09.0752316+00:00",
                       "distanceMeters":  46999,
                       "durationSeconds":  3133,
                       "reviewRequired":  true,
                       "routeShape":  "figure-eight",
                       "geometryCorrection":  {
                                                  "name":  "L270 Esterholzer Strasse",
                                                  "method":  "replace-osrm-detour",
                                                  "removedCoordinateCount":  243,
                                                  "ramp":  {
                                                               "longitude":  10.583946,
                                                               "latitude":  52.948403
                                                           },
                                                  "esterholzerStreet":  {
                                                                            "longitude":  10.584757,
                                                                            "latitude":  52.950347
                                                                        },
                                                  "excludedSouthContinuation":  {
                                                                                    "longitude":  10.58084,
                                                                                    "latitude":  52.94605
                                                                                }
                                              },
                       "controlPoints":  [
                                             {
                                                 "name":  "Start Albrecht-Thaer-Gelaende",
                                                 "longitude":  10.5469518,
                                                 "latitude":  52.9660785
                                             },
                                             {
                                                 "name":  "Elektro-Fundgrube",
                                                 "longitude":  10.5600803,
                                                 "latitude":  52.9716882
                                             },
                                             {
                                                 "name":  "Zur Wipperau",
                                                 "longitude":  10.6054018,
                                                 "latitude":  53.0030067
                                             },
                                             {
                                                 "name":  "Nordost-Wegpunkt",
                                                 "longitude":  10.619666,
                                                 "latitude":  52.9819037
                                             },
                                             {
                                                 "name":  "Pieperhoefen",
                                                 "longitude":  10.584848840701314,
                                                 "latitude":  52.948560974010768
                                             },
                                             {
                                                 "name":  "Esterholzer Strasse nach der Abfahrt",
                                                 "longitude":  10.584757,
                                                 "latitude":  52.950347
                                             },
                                             {
                                                 "name":  "Hochgraefestrasse",
                                                 "longitude":  10.5739326,
                                                 "latitude":  52.9610085
                                             },
                                             {
                                                 "name":  "B4 Kreuzung suedlicher Bogen",
                                                 "longitude":  10.5412308,
                                                 "latitude":  52.9451582
                                             },
                                             {
                                                 "name":  "K8 Klein Suestedt",
                                                 "longitude":  10.4909769,
                                                 "latitude":  52.9293702
                                             },
                                             {
                                                 "name":  "Soltauer Strasse West",
                                                 "longitude":  10.543063,
                                                 "latitude":  52.956788
                                             },
                                             {
                                                 "name":  "Soltauer Strasse Celler Strasse",
                                                 "longitude":  10.550168,
                                                 "latitude":  52.956524
                                             },
                                             {
                                                 "name":  "Bohldamm",
                                                 "longitude":  10.548373,
                                                 "latitude":  52.960179
                                             },
                                             {
                                                 "name":  "Ziel Albrecht-Thaer-Gelaende",
                                                 "longitude":  10.5469518,
                                                 "latitude":  52.9660785
                                             }
                                         ]
                   },
    "features":  [
                     {
                         "type":  "Feature",
                         "properties":  {
                                            "name":  "Mika Memorial Rideout",
                                            "stroke":  "#3b16d9",
                                            "strokeWidth":  5,
                                            "strokeOpacity":  1
                                        },
                         "geometry":  {
                                          "coordinates":  [
                                                              [
                                                                  10.546682,
                                                                  52.966244
                                                              ],
                                                              [
                                                                  10.546796,
                                                                  52.966312
                                                              ],
                                                              [
                                                                  10.54783,
                                                                  52.966934
                                                              ],
                                                              [
                                                                  10.548281,
                                                                  52.96717
                                                              ],
                                                              [
                                                                  10.549101,
                                                                  52.967661
                                                              ],
                                                              [
                                                                  10.54931,
                                                                  52.967784
                                                              ],
                                                              [
                                                                  10.549474,
                                                                  52.967893
                                                              ],
                                                              [
                                                                  10.549592,
                                                                  52.967983
                                                              ],
                                                              [
                                                                  10.549763,
                                                                  52.968128
                                                              ],
                                                              [
                                                                  10.550188,
                                                                  52.968455
                                                              ],
                                                              [
                                                                  10.550325,
                                                                  52.968557
                                                              ],
                                                              [
                                                                  10.550437,
                                                                  52.968634
                                                              ],
                                                              [
                                                                  10.55056,
                                                                  52.968684
                                                              ],
                                                              [
                                                                  10.550505,
                                                                  52.96876
                                                              ],
                                                              [
                                                                  10.550387,
                                                                  52.969002
                                                              ],
                                                              [
                                                                  10.550292,
                                                                  52.969208
                                                              ],
                                                              [
                                                                  10.550184,
                                                                  52.969325
                                                              ],
                                                              [
                                                                  10.549984,
                                                                  52.969448
                                                              ],
                                                              [
                                                                  10.548557,
                                                                  52.97022
                                                              ],
                                                              [
                                                                  10.547692,
                                                                  52.970688
                                                              ],
                                                              [
                                                                  10.547748,
                                                                  52.97079
                                                              ],
                                                              [
                                                                  10.547998,
                                                                  52.971259
                                                              ],
                                                              [
                                                                  10.548114,
                                                                  52.971395
                                                              ],
                                                              [
                                                                  10.548554,
                                                                  52.971767
                                                              ],
                                                              [
                                                                  10.548896,
                                                                  52.972058
                                                              ],
                                                              [
                                                                  10.549641,
                                                                  52.972623
                                                              ],
                                                              [
                                                                  10.550459,
                                                                  52.973166
                                                              ],
                                                              [
                                                                  10.550767,
                                                                  52.973352
                                                              ],
                                                              [
                                                                  10.552174,
                                                                  52.97406
                                                              ],
                                                              [
                                                                  10.552291,
                                                                  52.974145
                                                              ],
                                                              [
                                                                  10.552364,
                                                                  52.97425
                                                              ],
                                                              [
                                                                  10.552433,
                                                                  52.974245
                                                              ],
                                                              [
                                                                  10.552501,
                                                                  52.974257
                                                              ],
                                                              [
                                                                  10.552556,
                                                                  52.974282
                                                              ],
                                                              [
                                                                  10.552592,
                                                                  52.974318
                                                              ],
                                                              [
                                                                  10.553746,
                                                                  52.97411
                                                              ],
                                                              [
                                                                  10.553956,
                                                                  52.974059
                                                              ],
                                                              [
                                                                  10.55414,
                                                                  52.973999
                                                              ],
                                                              [
                                                                  10.554283,
                                                                  52.97394
                                                              ],
                                                              [
                                                                  10.555273,
                                                                  52.973448
                                                              ],
                                                              [
                                                                  10.556013,
                                                                  52.973066
                                                              ],
                                                              [
                                                                  10.556138,
                                                                  52.973004
                                                              ],
                                                              [
                                                                  10.557007,
                                                                  52.972513
                                                              ],
                                                              [
                                                                  10.557189,
                                                                  52.9724
                                                              ],
                                                              [
                                                                  10.55786,
                                                                  52.971949
                                                              ],
                                                              [
                                                                  10.558041,
                                                                  52.971832
                                                              ],
                                                              [
                                                                  10.558194,
                                                                  52.971734
                                                              ],
                                                              [
                                                                  10.558334,
                                                                  52.971658
                                                              ],
                                                              [
                                                                  10.558475,
                                                                  52.971596
                                                              ],
                                                              [
                                                                  10.558661,
                                                                  52.971533
                                                              ],
                                                              [
                                                                  10.558856,
                                                                  52.971478
                                                              ],
                                                              [
                                                                  10.55904,
                                                                  52.971435
                                                              ],
                                                              [
                                                                  10.559158,
                                                                  52.971407
                                                              ],
                                                              [
                                                                  10.559366,
                                                                  52.971371
                                                              ],
                                                              [
                                                                  10.559554,
                                                                  52.971358
                                                              ],
                                                              [
                                                                  10.559837,
                                                                  52.971347
                                                              ],
                                                              [
                                                                  10.559832,
                                                                  52.971435
                                                              ],
                                                              [
                                                                  10.559832,
                                                                  52.97153
                                                              ],
                                                              [
                                                                  10.559832,
                                                                  52.971601
                                                              ],
                                                              [
                                                                  10.559833,
                                                                  52.971689
                                                              ],
                                                              [
                                                                  10.559835,
                                                                  52.97181
                                                              ],
                                                              [
                                                                  10.559855,
                                                                  52.971926
                                                              ],
                                                              [
                                                                  10.559905,
                                                                  52.972061
                                                              ],
                                                              [
                                                                  10.559965,
                                                                  52.972182
                                                              ],
                                                              [
                                                                  10.560022,
                                                                  52.972264
                                                              ],
                                                              [
                                                                  10.560111,
                                                                  52.972374
                                                              ],
                                                              [
                                                                  10.560297,
                                                                  52.972542
                                                              ],
                                                              [
                                                                  10.560581,
                                                                  52.972793
                                                              ],
                                                              [
                                                                  10.56073,
                                                                  52.972921
                                                              ],
                                                              [
                                                                  10.561028,
                                                                  52.973182
                                                              ],
                                                              [
                                                                  10.561137,
                                                                  52.973277
                                                              ],
                                                              [
                                                                  10.561193,
                                                                  52.973324
                                                              ],
                                                              [
                                                                  10.561584,
                                                                  52.973654
                                                              ],
                                                              [
                                                                  10.56172,
                                                                  52.973768
                                                              ],
                                                              [
                                                                  10.561912,
                                                                  52.973928
                                                              ],
                                                              [
                                                                  10.562125,
                                                                  52.974046
                                                              ],
                                                              [
                                                                  10.562168,
                                                                  52.974066
                                                              ],
                                                              [
                                                                  10.562235,
                                                                  52.974098
                                                              ],
                                                              [
                                                                  10.562313,
                                                                  52.974093
                                                              ],
                                                              [
                                                                  10.562392,
                                                                  52.974097
                                                              ],
                                                              [
                                                                  10.562466,
                                                                  52.974112
                                                              ],
                                                              [
                                                                  10.562534,
                                                                  52.974136
                                                              ],
                                                              [
                                                                  10.562592,
                                                                  52.974169
                                                              ],
                                                              [
                                                                  10.562635,
                                                                  52.974206
                                                              ],
                                                              [
                                                                  10.562665,
                                                                  52.974248
                                                              ],
                                                              [
                                                                  10.56268,
                                                                  52.974293
                                                              ],
                                                              [
                                                                  10.562679,
                                                                  52.974336
                                                              ],
                                                              [
                                                                  10.562671,
                                                                  52.974367
                                                              ],
                                                              [
                                                                  10.562655,
                                                                  52.974396
                                                              ],
                                                              [
                                                                  10.562632,
                                                                  52.974424
                                                              ],
                                                              [
                                                                  10.562689,
                                                                  52.974528
                                                              ],
                                                              [
                                                                  10.562728,
                                                                  52.974573
                                                              ],
                                                              [
                                                                  10.563216,
                                                                  52.974999
                                                              ],
                                                              [
                                                                  10.563506,
                                                                  52.9753
                                                              ],
                                                              [
                                                                  10.563697,
                                                                  52.975524
                                                              ],
                                                              [
                                                                  10.563949,
                                                                  52.975877
                                                              ],
                                                              [
                                                                  10.564102,
                                                                  52.976152
                                                              ],
                                                              [
                                                                  10.564223,
                                                                  52.976425
                                                              ],
                                                              [
                                                                  10.564333,
                                                                  52.976759
                                                              ],
                                                              [
                                                                  10.564405,
                                                                  52.977124
                                                              ],
                                                              [
                                                                  10.564431,
                                                                  52.977422
                                                              ],
                                                              [
                                                                  10.564433,
                                                                  52.977717
                                                              ],
                                                              [
                                                                  10.56441,
                                                                  52.978212
                                                              ],
                                                              [
                                                                  10.564288,
                                                                  52.979122
                                                              ],
                                                              [
                                                                  10.564027,
                                                                  52.980539
                                                              ],
                                                              [
                                                                  10.563917,
                                                                  52.98122
                                                              ],
                                                              [
                                                                  10.563883,
                                                                  52.981375
                                                              ],
                                                              [
                                                                  10.563632,
                                                                  52.982386
                                                              ],
                                                              [
                                                                  10.563609,
                                                                  52.982577
                                                              ],
                                                              [
                                                                  10.563635,
                                                                  52.982725
                                                              ],
                                                              [
                                                                  10.563711,
                                                                  52.982887
                                                              ],
                                                              [
                                                                  10.563764,
                                                                  52.982962
                                                              ],
                                                              [
                                                                  10.563837,
                                                                  52.983036
                                                              ],
                                                              [
                                                                  10.563929,
                                                                  52.983121
                                                              ],
                                                              [
                                                                  10.564116,
                                                                  52.983244
                                                              ],
                                                              [
                                                                  10.564307,
                                                                  52.983351
                                                              ],
                                                              [
                                                                  10.56469,
                                                                  52.98354
                                                              ],
                                                              [
                                                                  10.565504,
                                                                  52.983855
                                                              ],
                                                              [
                                                                  10.566156,
                                                                  52.984125
                                                              ],
                                                              [
                                                                  10.56639,
                                                                  52.984239
                                                              ],
                                                              [
                                                                  10.566472,
                                                                  52.984281
                                                              ],
                                                              [
                                                                  10.566587,
                                                                  52.98434
                                                              ],
                                                              [
                                                                  10.566993,
                                                                  52.984558
                                                              ],
                                                              [
                                                                  10.567368,
                                                                  52.984788
                                                              ],
                                                              [
                                                                  10.567631,
                                                                  52.984971
                                                              ],
                                                              [
                                                                  10.567938,
                                                                  52.985226
                                                              ],
                                                              [
                                                                  10.568239,
                                                                  52.985506
                                                              ],
                                                              [
                                                                  10.568386,
                                                                  52.985656
                                                              ],
                                                              [
                                                                  10.568522,
                                                                  52.985807
                                                              ],
                                                              [
                                                                  10.56865,
                                                                  52.985964
                                                              ],
                                                              [
                                                                  10.568724,
                                                                  52.986085
                                                              ],
                                                              [
                                                                  10.568798,
                                                                  52.986219
                                                              ],
                                                              [
                                                                  10.568867,
                                                                  52.986371
                                                              ],
                                                              [
                                                                  10.568911,
                                                                  52.986547
                                                              ],
                                                              [
                                                                  10.568931,
                                                                  52.98674
                                                              ],
                                                              [
                                                                  10.568926,
                                                                  52.986953
                                                              ],
                                                              [
                                                                  10.568877,
                                                                  52.987117
                                                              ],
                                                              [
                                                                  10.568813,
                                                                  52.987269
                                                              ],
                                                              [
                                                                  10.568681,
                                                                  52.987556
                                                              ],
                                                              [
                                                                  10.568591,
                                                                  52.987796
                                                              ],
                                                              [
                                                                  10.568545,
                                                                  52.988062
                                                              ],
                                                              [
                                                                  10.568553,
                                                                  52.988286
                                                              ],
                                                              [
                                                                  10.568588,
                                                                  52.988532
                                                              ],
                                                              [
                                                                  10.568628,
                                                                  52.988715
                                                              ],
                                                              [
                                                                  10.56868,
                                                                  52.988859
                                                              ],
                                                              [
                                                                  10.568762,
                                                                  52.989048
                                                              ],
                                                              [
                                                                  10.568828,
                                                                  52.989164
                                                              ],
                                                              [
                                                                  10.568968,
                                                                  52.989368
                                                              ],
                                                              [
                                                                  10.569087,
                                                                  52.989506
                                                              ],
                                                              [
                                                                  10.569245,
                                                                  52.989668
                                                              ],
                                                              [
                                                                  10.569532,
                                                                  52.989909
                                                              ],
                                                              [
                                                                  10.56971,
                                                                  52.990041
                                                              ],
                                                              [
                                                                  10.570275,
                                                                  52.990454
                                                              ],
                                                              [
                                                                  10.570868,
                                                                  52.990887
                                                              ],
                                                              [
                                                                  10.571071,
                                                                  52.991038
                                                              ],
                                                              [
                                                                  10.571691,
                                                                  52.991482
                                                              ],
                                                              [
                                                                  10.571912,
                                                                  52.991613
                                                              ],
                                                              [
                                                                  10.572391,
                                                                  52.991854
                                                              ],
                                                              [
                                                                  10.573012,
                                                                  52.992069
                                                              ],
                                                              [
                                                                  10.573294,
                                                                  52.992154
                                                              ],
                                                              [
                                                                  10.573839,
                                                                  52.992261
                                                              ],
                                                              [
                                                                  10.575478,
                                                                  52.992516
                                                              ],
                                                              [
                                                                  10.576345,
                                                                  52.992677
                                                              ],
                                                              [
                                                                  10.577222,
                                                                  52.992942
                                                              ],
                                                              [
                                                                  10.577821,
                                                                  52.993171
                                                              ],
                                                              [
                                                                  10.578242,
                                                                  52.993364
                                                              ],
                                                              [
                                                                  10.578675,
                                                                  52.993603
                                                              ],
                                                              [
                                                                  10.579043,
                                                                  52.993817
                                                              ],
                                                              [
                                                                  10.57983,
                                                                  52.994298
                                                              ],
                                                              [
                                                                  10.58172,
                                                                  52.995459
                                                              ],
                                                              [
                                                                  10.582718,
                                                                  52.996072
                                                              ],
                                                              [
                                                                  10.585579,
                                                                  52.997829
                                                              ],
                                                              [
                                                                  10.587381,
                                                                  52.998924
                                                              ],
                                                              [
                                                                  10.590334,
                                                                  53.000732
                                                              ],
                                                              [
                                                                  10.59247,
                                                                  53.002072
                                                              ],
                                                              [
                                                                  10.596459,
                                                                  53.004503
                                                              ],
                                                              [
                                                                  10.596763,
                                                                  53.00465
                                                              ],
                                                              [
                                                                  10.597199,
                                                                  53.004831
                                                              ],
                                                              [
                                                                  10.597633,
                                                                  53.004982
                                                              ],
                                                              [
                                                                  10.598087,
                                                                  53.005106
                                                              ],
                                                              [
                                                                  10.598501,
                                                                  53.005179
                                                              ],
                                                              [
                                                                  10.598868,
                                                                  53.00523
                                                              ],
                                                              [
                                                                  10.59924,
                                                                  53.005259
                                                              ],
                                                              [
                                                                  10.59981,
                                                                  53.005272
                                                              ],
                                                              [
                                                                  10.602223,
                                                                  53.005232
                                                              ],
                                                              [
                                                                  10.602579,
                                                                  53.005226
                                                              ],
                                                              [
                                                                  10.602668,
                                                                  53.005224
                                                              ],
                                                              [
                                                                  10.602926,
                                                                  53.005219
                                                              ],
                                                              [
                                                                  10.603569,
                                                                  53.005208
                                                              ],
                                                              [
                                                                  10.60402,
                                                                  53.005195
                                                              ],
                                                              [
                                                                  10.604197,
                                                                  53.005213
                                                              ],
                                                              [
                                                                  10.604219,
                                                                  53.005196
                                                              ],
                                                              [
                                                                  10.604259,
                                                                  53.005173
                                                              ],
                                                              [
                                                                  10.60431,
                                                                  53.00516
                                                              ],
                                                              [
                                                                  10.604365,
                                                                  53.005159
                                                              ],
                                                              [
                                                                  10.604405,
                                                                  53.005166
                                                              ],
                                                              [
                                                                  10.604441,
                                                                  53.00518
                                                              ],
                                                              [
                                                                  10.604469,
                                                                  53.005199
                                                              ],
                                                              [
                                                                  10.604486,
                                                                  53.005223
                                                              ],
                                                              [
                                                                  10.604491,
                                                                  53.005237
                                                              ],
                                                              [
                                                                  10.604492,
                                                                  53.005252
                                                              ],
                                                              [
                                                                  10.604625,
                                                                  53.00528
                                                              ],
                                                              [
                                                                  10.605159,
                                                                  53.005391
                                                              ],
                                                              [
                                                                  10.605518,
                                                                  53.005462
                                                              ],
                                                              [
                                                                  10.605532,
                                                                  53.005153
                                                              ],
                                                              [
                                                                  10.605537,
                                                                  53.005031
                                                              ],
                                                              [
                                                                  10.605574,
                                                                  53.004933
                                                              ],
                                                              [
                                                                  10.605737,
                                                                  53.004713
                                                              ],
                                                              [
                                                                  10.606072,
                                                                  53.004421
                                                              ],
                                                              [
                                                                  10.605878,
                                                                  53.004257
                                                              ],
                                                              [
                                                                  10.605748,
                                                                  53.004131
                                                              ],
                                                              [
                                                                  10.605627,
                                                                  53.004013
                                                              ],
                                                              [
                                                                  10.605294,
                                                                  53.003742
                                                              ],
                                                              [
                                                                  10.605216,
                                                                  53.003664
                                                              ],
                                                              [
                                                                  10.605162,
                                                                  53.003577
                                                              ],
                                                              [
                                                                  10.605136,
                                                                  53.003492
                                                              ],
                                                              [
                                                                  10.605133,
                                                                  53.003402
                                                              ],
                                                              [
                                                                  10.605189,
                                                                  53.003313
                                                              ],
                                                              [
                                                                  10.605435,
                                                                  53.003017
                                                              ],
                                                              [
                                                                  10.60581,
                                                                  53.002564
                                                              ],
                                                              [
                                                                  10.605841,
                                                                  53.002333
                                                              ],
                                                              [
                                                                  10.605761,
                                                                  53.002013
                                                              ],
                                                              [
                                                                  10.605734,
                                                                  53.001956
                                                              ],
                                                              [
                                                                  10.605688,
                                                                  53.001869
                                                              ],
                                                              [
                                                                  10.605625,
                                                                  53.001796
                                                              ],
                                                              [
                                                                  10.605562,
                                                                  53.001726
                                                              ],
                                                              [
                                                                  10.605667,
                                                                  53.001686
                                                              ],
                                                              [
                                                                  10.605696,
                                                                  53.00161
                                                              ],
                                                              [
                                                                  10.605707,
                                                                  53.001561
                                                              ],
                                                              [
                                                                  10.605754,
                                                                  53.001314
                                                              ],
                                                              [
                                                                  10.605787,
                                                                  53.001159
                                                              ],
                                                              [
                                                                  10.606217,
                                                                  52.999178
                                                              ],
                                                              [
                                                                  10.606248,
                                                                  52.999036
                                                              ],
                                                              [
                                                                  10.60695,
                                                                  52.995593
                                                              ],
                                                              [
                                                                  10.607821,
                                                                  52.993945
                                                              ],
                                                              [
                                                                  10.610166,
                                                                  52.989603
                                                              ],
                                                              [
                                                                  10.610376,
                                                                  52.989194
                                                              ],
                                                              [
                                                                  10.610218,
                                                                  52.988302
                                                              ],
                                                              [
                                                                  10.610228,
                                                                  52.988221
                                                              ],
                                                              [
                                                                  10.610261,
                                                                  52.987934
                                                              ],
                                                              [
                                                                  10.6106,
                                                                  52.987233
                                                              ],
                                                              [
                                                                  10.61062,
                                                                  52.987148
                                                              ],
                                                              [
                                                                  10.610757,
                                                                  52.987047
                                                              ],
                                                              [
                                                                  10.610991,
                                                                  52.986958
                                                              ],
                                                              [
                                                                  10.612164,
                                                                  52.987135
                                                              ],
                                                              [
                                                                  10.61383,
                                                                  52.987068
                                                              ],
                                                              [
                                                                  10.615073,
                                                                  52.987021
                                                              ],
                                                              [
                                                                  10.615747,
                                                                  52.986995
                                                              ],
                                                              [
                                                                  10.616011,
                                                                  52.986985
                                                              ],
                                                              [
                                                                  10.616331,
                                                                  52.986927
                                                              ],
                                                              [
                                                                  10.616488,
                                                                  52.986886
                                                              ],
                                                              [
                                                                  10.61663,
                                                                  52.986833
                                                              ],
                                                              [
                                                                  10.616769,
                                                                  52.986753
                                                              ],
                                                              [
                                                                  10.616853,
                                                                  52.986654
                                                              ],
                                                              [
                                                                  10.616967,
                                                                  52.986433
                                                              ],
                                                              [
                                                                  10.617004,
                                                                  52.98638
                                                              ],
                                                              [
                                                                  10.61746,
                                                                  52.985877
                                                              ],
                                                              [
                                                                  10.617883,
                                                                  52.985654
                                                              ],
                                                              [
                                                                  10.618521,
                                                                  52.985371
                                                              ],
                                                              [
                                                                  10.618837,
                                                                  52.985134
                                                              ],
                                                              [
                                                                  10.618916,
                                                                  52.984884
                                                              ],
                                                              [
                                                                  10.619029,
                                                                  52.984371
                                                              ],
                                                              [
                                                                  10.619077,
                                                                  52.983882
                                                              ],
                                                              [
                                                                  10.619079,
                                                                  52.983863
                                                              ],
                                                              [
                                                                  10.619025,
                                                                  52.983663
                                                              ],
                                                              [
                                                                  10.618956,
                                                                  52.983505
                                                              ],
                                                              [
                                                                  10.61889,
                                                                  52.983367
                                                              ],
                                                              [
                                                                  10.618887,
                                                                  52.983225
                                                              ],
                                                              [
                                                                  10.618916,
                                                                  52.983034
                                                              ],
                                                              [
                                                                  10.619219,
                                                                  52.982555
                                                              ],
                                                              [
                                                                  10.619643,
                                                                  52.98193
                                                              ],
                                                              [
                                                                  10.619663,
                                                                  52.981903
                                                              ],
                                                              [
                                                                  10.619695,
                                                                  52.98186
                                                              ],
                                                              [
                                                                  10.618346,
                                                                  52.981359
                                                              ],
                                                              [
                                                                  10.614383,
                                                                  52.979874
                                                              ],
                                                              [
                                                                  10.613437,
                                                                  52.979564
                                                              ],
                                                              [
                                                                  10.613366,
                                                                  52.979543
                                                              ],
                                                              [
                                                                  10.613007,
                                                                  52.979436
                                                              ],
                                                              [
                                                                  10.612804,
                                                                  52.979377
                                                              ],
                                                              [
                                                                  10.611007,
                                                                  52.978885
                                                              ],
                                                              [
                                                                  10.610616,
                                                                  52.97877
                                                              ],
                                                              [
                                                                  10.610185,
                                                                  52.978623
                                                              ],
                                                              [
                                                                  10.609796,
                                                                  52.978465
                                                              ],
                                                              [
                                                                  10.609384,
                                                                  52.978281
                                                              ],
                                                              [
                                                                  10.608927,
                                                                  52.978049
                                                              ],
                                                              [
                                                                  10.608475,
                                                                  52.97778
                                                              ],
                                                              [
                                                                  10.606204,
                                                                  52.97626
                                                              ],
                                                              [
                                                                  10.603596,
                                                                  52.974503
                                                              ],
                                                              [
                                                                  10.603216,
                                                                  52.97426
                                                              ],
                                                              [
                                                                  10.602758,
                                                                  52.973965
                                                              ],
                                                              [
                                                                  10.602463,
                                                                  52.973787
                                                              ],
                                                              [
                                                                  10.602211,
                                                                  52.973646
                                                              ],
                                                              [
                                                                  10.601982,
                                                                  52.973532
                                                              ],
                                                              [
                                                                  10.601759,
                                                                  52.973432
                                                              ],
                                                              [
                                                                  10.60152,
                                                                  52.973339
                                                              ],
                                                              [
                                                                  10.601289,
                                                                  52.973252
                                                              ],
                                                              [
                                                                  10.601071,
                                                                  52.973176
                                                              ],
                                                              [
                                                                  10.600746,
                                                                  52.973073
                                                              ],
                                                              [
                                                                  10.600469,
                                                                  52.972994
                                                              ],
                                                              [
                                                                  10.600203,
                                                                  52.97293
                                                              ],
                                                              [
                                                                  10.599969,
                                                                  52.972883
                                                              ],
                                                              [
                                                                  10.599225,
                                                                  52.972746
                                                              ],
                                                              [
                                                                  10.598239,
                                                                  52.972583
                                                              ],
                                                              [
                                                                  10.597412,
                                                                  52.972447
                                                              ],
                                                              [
                                                                  10.596901,
                                                                  52.972348
                                                              ],
                                                              [
                                                                  10.59639,
                                                                  52.972231
                                                              ],
                                                              [
                                                                  10.595997,
                                                                  52.97212
                                                              ],
                                                              [
                                                                  10.595575,
                                                                  52.97198
                                                              ],
                                                              [
                                                                  10.595143,
                                                                  52.971824
                                                              ],
                                                              [
                                                                  10.59464,
                                                                  52.971618
                                                              ],
                                                              [
                                                                  10.594452,
                                                                  52.971536
                                                              ],
                                                              [
                                                                  10.594117,
                                                                  52.971393
                                                              ],
                                                              [
                                                                  10.593966,
                                                                  52.971322
                                                              ],
                                                              [
                                                                  10.593675,
                                                                  52.971186
                                                              ],
                                                              [
                                                                  10.593155,
                                                                  52.970922
                                                              ],
                                                              [
                                                                  10.593053,
                                                                  52.97087
                                                              ],
                                                              [
                                                                  10.592625,
                                                                  52.970653
                                                              ],
                                                              [
                                                                  10.592239,
                                                                  52.970456
                                                              ],
                                                              [
                                                                  10.592005,
                                                                  52.970338
                                                              ],
                                                              [
                                                                  10.591769,
                                                                  52.970218
                                                              ],
                                                              [
                                                                  10.590711,
                                                                  52.969641
                                                              ],
                                                              [
                                                                  10.590151,
                                                                  52.969318
                                                              ],
                                                              [
                                                                  10.58981,
                                                                  52.969127
                                                              ],
                                                              [
                                                                  10.589128,
                                                                  52.968699
                                                              ],
                                                              [
                                                                  10.588453,
                                                                  52.968238
                                                              ],
                                                              [
                                                                  10.587104,
                                                                  52.967237
                                                              ],
                                                              [
                                                                  10.586389,
                                                                  52.966706
                                                              ],
                                                              [
                                                                  10.586114,
                                                                  52.966503
                                                              ],
                                                              [
                                                                  10.585928,
                                                                  52.966367
                                                              ],
                                                              [
                                                                  10.585834,
                                                                  52.966298
                                                              ],
                                                              [
                                                                  10.585216,
                                                                  52.965848
                                                              ],
                                                              [
                                                                  10.584905,
                                                                  52.965749
                                                              ],
                                                              [
                                                                  10.584822,
                                                                  52.96573
                                                              ],
                                                              [
                                                                  10.584736,
                                                                  52.965719
                                                              ],
                                                              [
                                                                  10.584647,
                                                                  52.965717
                                                              ],
                                                              [
                                                                  10.584582,
                                                                  52.965722
                                                              ],
                                                              [
                                                                  10.584519,
                                                                  52.965731
                                                              ],
                                                              [
                                                                  10.584458,
                                                                  52.965745
                                                              ],
                                                              [
                                                                  10.58439,
                                                                  52.965798
                                                              ],
                                                              [
                                                                  10.58433,
                                                                  52.965853
                                                              ],
                                                              [
                                                                  10.584278,
                                                                  52.965912
                                                              ],
                                                              [
                                                                  10.584224,
                                                                  52.965988
                                                              ],
                                                              [
                                                                  10.584184,
                                                                  52.966068
                                                              ],
                                                              [
                                                                  10.584159,
                                                                  52.96615
                                                              ],
                                                              [
                                                                  10.584128,
                                                                  52.966294
                                                              ],
                                                              [
                                                                  10.58412,
                                                                  52.966356
                                                              ],
                                                              [
                                                                  10.584115,
                                                                  52.966401
                                                              ],
                                                              [
                                                                  10.58412,
                                                                  52.966445
                                                              ],
                                                              [
                                                                  10.584136,
                                                                  52.966489
                                                              ],
                                                              [
                                                                  10.584162,
                                                                  52.96653
                                                              ],
                                                              [
                                                                  10.584197,
                                                                  52.96657
                                                              ],
                                                              [
                                                                  10.584241,
                                                                  52.966606
                                                              ],
                                                              [
                                                                  10.584333,
                                                                  52.966652
                                                              ],
                                                              [
                                                                  10.584432,
                                                                  52.966692
                                                              ],
                                                              [
                                                                  10.584547,
                                                                  52.966729
                                                              ],
                                                              [
                                                                  10.584669,
                                                                  52.96676
                                                              ],
                                                              [
                                                                  10.58475,
                                                                  52.966772
                                                              ],
                                                              [
                                                                  10.584833,
                                                                  52.966776
                                                              ],
                                                              [
                                                                  10.584916,
                                                                  52.966773
                                                              ],
                                                              [
                                                                  10.584997,
                                                                  52.966761
                                                              ],
                                                              [
                                                                  10.585074,
                                                                  52.966743
                                                              ],
                                                              [
                                                                  10.585145,
                                                                  52.966717
                                                              ],
                                                              [
                                                                  10.585209,
                                                                  52.966685
                                                              ],
                                                              [
                                                                  10.585263,
                                                                  52.966647
                                                              ],
                                                              [
                                                                  10.585307,
                                                                  52.966605
                                                              ],
                                                              [
                                                                  10.585548,
                                                                  52.966332
                                                              ],
                                                              [
                                                                  10.585822,
                                                                  52.965828
                                                              ],
                                                              [
                                                                  10.58613,
                                                                  52.965301
                                                              ],
                                                              [
                                                                  10.586483,
                                                                  52.964751
                                                              ],
                                                              [
                                                                  10.586862,
                                                                  52.964201
                                                              ],
                                                              [
                                                                  10.587372,
                                                                  52.963497
                                                              ],
                                                              [
                                                                  10.587776,
                                                                  52.962964
                                                              ],
                                                              [
                                                                  10.587921,
                                                                  52.962744
                                                              ],
                                                              [
                                                                  10.58807,
                                                                  52.962494
                                                              ],
                                                              [
                                                                  10.588243,
                                                                  52.962183
                                                              ],
                                                              [
                                                                  10.588379,
                                                                  52.961945
                                                              ],
                                                              [
                                                                  10.588508,
                                                                  52.961705
                                                              ],
                                                              [
                                                                  10.588642,
                                                                  52.961441
                                                              ],
                                                              [
                                                                  10.588767,
                                                                  52.961176
                                                              ],
                                                              [
                                                                  10.58888,
                                                                  52.960919
                                                              ],
                                                              [
                                                                  10.588994,
                                                                  52.960662
                                                              ],
                                                              [
                                                                  10.5891,
                                                                  52.960403
                                                              ],
                                                              [
                                                                  10.589235,
                                                                  52.960041
                                                              ],
                                                              [
                                                                  10.589354,
                                                                  52.959677
                                                              ],
                                                              [
                                                                  10.589459,
                                                                  52.959311
                                                              ],
                                                              [
                                                                  10.589548,
                                                                  52.958943
                                                              ],
                                                              [
                                                                  10.589621,
                                                                  52.958575
                                                              ],
                                                              [
                                                                  10.589685,
                                                                  52.958177
                                                              ],
                                                              [
                                                                  10.58973,
                                                                  52.957777
                                                              ],
                                                              [
                                                                  10.589756,
                                                                  52.957378
                                                              ],
                                                              [
                                                                  10.589763,
                                                                  52.95703
                                                              ],
                                                              [
                                                                  10.589756,
                                                                  52.956682
                                                              ],
                                                              [
                                                                  10.589734,
                                                                  52.956334
                                                              ],
                                                              [
                                                                  10.589697,
                                                                  52.955986
                                                              ],
                                                              [
                                                                  10.589646,
                                                                  52.955639
                                                              ],
                                                              [
                                                                  10.589581,
                                                                  52.955294
                                                              ],
                                                              [
                                                                  10.589502,
                                                                  52.954949
                                                              ],
                                                              [
                                                                  10.589408,
                                                                  52.954605
                                                              ],
                                                              [
                                                                  10.589299,
                                                                  52.954264
                                                              ],
                                                              [
                                                                  10.589177,
                                                                  52.953923
                                                              ],
                                                              [
                                                                  10.58904,
                                                                  52.953585
                                                              ],
                                                              [
                                                                  10.58889,
                                                                  52.953249
                                                              ],
                                                              [
                                                                  10.588767,
                                                                  52.952998
                                                              ],
                                                              [
                                                                  10.588529,
                                                                  52.952553
                                                              ],
                                                              [
                                                                  10.588379,
                                                                  52.952296
                                                              ],
                                                              [
                                                                  10.588263,
                                                                  52.952108
                                                              ],
                                                              [
                                                                  10.587985,
                                                                  52.951688
                                                              ],
                                                              [
                                                                  10.587482,
                                                                  52.951012
                                                              ],
                                                              [
                                                                  10.587091,
                                                                  52.950555
                                                              ],
                                                              [
                                                                  10.586746,
                                                                  52.950193
                                                              ],
                                                              [
                                                                  10.586358,
                                                                  52.94982
                                                              ],
                                                              [
                                                                  10.585899,
                                                                  52.949404
                                                              ],
                                                              [
                                                                  10.585467,
                                                                  52.949048
                                                              ],
                                                              [
                                                                  10.58513,
                                                                  52.948772
                                                              ],
                                                              [
                                                                  10.584845,
                                                                  52.948563
                                                              ],
                                                              [
                                                                  10.583946,
                                                                  52.948403
                                                              ],
                                                              [
                                                                  10.584757,
                                                                  52.950347
                                                              ],
                                                              [
                                                                  10.584414,
                                                                  52.951064
                                                              ],
                                                              [
                                                                  10.583794,
                                                                  52.952101
                                                              ],
                                                              [
                                                                  10.583475,
                                                                  52.952561
                                                              ],
                                                              [
                                                                  10.583352,
                                                                  52.952704
                                                              ],
                                                              [
                                                                  10.583303,
                                                                  52.952754
                                                              ],
                                                              [
                                                                  10.58322,
                                                                  52.95284
                                                              ],
                                                              [
                                                                  10.583118,
                                                                  52.952942
                                                              ],
                                                              [
                                                                  10.583151,
                                                                  52.952955
                                                              ],
                                                              [
                                                                  10.583196,
                                                                  52.952991
                                                              ],
                                                              [
                                                                  10.583219,
                                                                  52.953033
                                                              ],
                                                              [
                                                                  10.583218,
                                                                  52.953078
                                                              ],
                                                              [
                                                                  10.583193,
                                                                  52.95312
                                                              ],
                                                              [
                                                                  10.583179,
                                                                  52.95313
                                                              ],
                                                              [
                                                                  10.583147,
                                                                  52.953155
                                                              ],
                                                              [
                                                                  10.583085,
                                                                  52.953179
                                                              ],
                                                              [
                                                                  10.583013,
                                                                  52.95319
                                                              ],
                                                              [
                                                                  10.58294,
                                                                  52.953186
                                                              ],
                                                              [
                                                                  10.582872,
                                                                  52.953168
                                                              ],
                                                              [
                                                                  10.582795,
                                                                  52.953232
                                                              ],
                                                              [
                                                                  10.582249,
                                                                  52.953694
                                                              ],
                                                              [
                                                                  10.58177,
                                                                  52.954115
                                                              ],
                                                              [
                                                                  10.580296,
                                                                  52.955408
                                                              ],
                                                              [
                                                                  10.579115,
                                                                  52.956385
                                                              ],
                                                              [
                                                                  10.577777,
                                                                  52.957536
                                                              ],
                                                              [
                                                                  10.577818,
                                                                  52.957573
                                                              ],
                                                              [
                                                                  10.577837,
                                                                  52.957617
                                                              ],
                                                              [
                                                                  10.577831,
                                                                  52.957662
                                                              ],
                                                              [
                                                                  10.577801,
                                                                  52.957703
                                                              ],
                                                              [
                                                                  10.577756,
                                                                  52.957733
                                                              ],
                                                              [
                                                                  10.577699,
                                                                  52.957754
                                                              ],
                                                              [
                                                                  10.577634,
                                                                  52.957764
                                                              ],
                                                              [
                                                                  10.577568,
                                                                  52.957762
                                                              ],
                                                              [
                                                                  10.577505,
                                                                  52.957748
                                                              ],
                                                              [
                                                                  10.577445,
                                                                  52.957797
                                                              ],
                                                              [
                                                                  10.575697,
                                                                  52.959213
                                                              ],
                                                              [
                                                                  10.575402,
                                                                  52.95967
                                                              ],
                                                              [
                                                                  10.575267,
                                                                  52.959889
                                                              ],
                                                              [
                                                                  10.574983,
                                                                  52.96035
                                                              ],
                                                              [
                                                                  10.574864,
                                                                  52.960502
                                                              ],
                                                              [
                                                                  10.574717,
                                                                  52.960631
                                                              ],
                                                              [
                                                                  10.574504,
                                                                  52.960761
                                                              ],
                                                              [
                                                                  10.574128,
                                                                  52.960937
                                                              ],
                                                              [
                                                                  10.573943,
                                                                  52.961017
                                                              ],
                                                              [
                                                                  10.573911,
                                                                  52.961031
                                                              ],
                                                              [
                                                                  10.573759,
                                                                  52.960873
                                                              ],
                                                              [
                                                                  10.573544,
                                                                  52.960728
                                                              ],
                                                              [
                                                                  10.573308,
                                                                  52.960591
                                                              ],
                                                              [
                                                                  10.572685,
                                                                  52.960277
                                                              ],
                                                              [
                                                                  10.572511,
                                                                  52.960189
                                                              ],
                                                              [
                                                                  10.572336,
                                                                  52.960116
                                                              ],
                                                              [
                                                                  10.572108,
                                                                  52.960041
                                                              ],
                                                              [
                                                                  10.571505,
                                                                  52.959875
                                                              ],
                                                              [
                                                                  10.570969,
                                                                  52.959764
                                                              ],
                                                              [
                                                                  10.570738,
                                                                  52.959713
                                                              ],
                                                              [
                                                                  10.570538,
                                                                  52.959672
                                                              ],
                                                              [
                                                                  10.57042,
                                                                  52.959647
                                                              ],
                                                              [
                                                                  10.569158,
                                                                  52.959409
                                                              ],
                                                              [
                                                                  10.568283,
                                                                  52.95925
                                                              ],
                                                              [
                                                                  10.567995,
                                                                  52.959212
                                                              ],
                                                              [
                                                                  10.567673,
                                                                  52.959184
                                                              ],
                                                              [
                                                                  10.567301,
                                                                  52.959168
                                                              ],
                                                              [
                                                                  10.566799,
                                                                  52.959162
                                                              ],
                                                              [
                                                                  10.56635,
                                                                  52.959178
                                                              ],
                                                              [
                                                                  10.565882,
                                                                  52.959214
                                                              ],
                                                              [
                                                                  10.565432,
                                                                  52.959274
                                                              ],
                                                              [
                                                                  10.565051,
                                                                  52.95933
                                                              ],
                                                              [
                                                                  10.564712,
                                                                  52.959392
                                                              ],
                                                              [
                                                                  10.56446,
                                                                  52.959441
                                                              ],
                                                              [
                                                                  10.564242,
                                                                  52.959465
                                                              ],
                                                              [
                                                                  10.564026,
                                                                  52.95947
                                                              ],
                                                              [
                                                                  10.563821,
                                                                  52.959457
                                                              ],
                                                              [
                                                                  10.563615,
                                                                  52.959431
                                                              ],
                                                              [
                                                                  10.563021,
                                                                  52.959301
                                                              ],
                                                              [
                                                                  10.562862,
                                                                  52.959265
                                                              ],
                                                              [
                                                                  10.562743,
                                                                  52.959239
                                                              ],
                                                              [
                                                                  10.562571,
                                                                  52.959201
                                                              ],
                                                              [
                                                                  10.562411,
                                                                  52.959171
                                                              ],
                                                              [
                                                                  10.562208,
                                                                  52.959134
                                                              ],
                                                              [
                                                                  10.561972,
                                                                  52.959108
                                                              ],
                                                              [
                                                                  10.561694,
                                                                  52.959065
                                                              ],
                                                              [
                                                                  10.561495,
                                                                  52.959047
                                                              ],
                                                              [
                                                                  10.561438,
                                                                  52.959066
                                                              ],
                                                              [
                                                                  10.561374,
                                                                  52.959073
                                                              ],
                                                              [
                                                                  10.561315,
                                                                  52.959066
                                                              ],
                                                              [
                                                                  10.561263,
                                                                  52.959049
                                                              ],
                                                              [
                                                                  10.561054,
                                                                  52.959046
                                                              ],
                                                              [
                                                                  10.560462,
                                                                  52.959079
                                                              ],
                                                              [
                                                                  10.560182,
                                                                  52.959113
                                                              ],
                                                              [
                                                                  10.55985,
                                                                  52.959164
                                                              ],
                                                              [
                                                                  10.559419,
                                                                  52.959254
                                                              ],
                                                              [
                                                                  10.55933,
                                                                  52.959281
                                                              ],
                                                              [
                                                                  10.558916,
                                                                  52.959399
                                                              ],
                                                              [
                                                                  10.557869,
                                                                  52.959743
                                                              ],
                                                              [
                                                                  10.557789,
                                                                  52.95977
                                                              ],
                                                              [
                                                                  10.557417,
                                                                  52.95989
                                                              ],
                                                              [
                                                                  10.557226,
                                                                  52.959952
                                                              ],
                                                              [
                                                                  10.556839,
                                                                  52.960077
                                                              ],
                                                              [
                                                                  10.556421,
                                                                  52.960298
                                                              ],
                                                              [
                                                                  10.55633,
                                                                  52.960375
                                                              ],
                                                              [
                                                                  10.556341,
                                                                  52.960413
                                                              ],
                                                              [
                                                                  10.556334,
                                                                  52.960451
                                                              ],
                                                              [
                                                                  10.556311,
                                                                  52.960487
                                                              ],
                                                              [
                                                                  10.556273,
                                                                  52.960517
                                                              ],
                                                              [
                                                                  10.556226,
                                                                  52.960539
                                                              ],
                                                              [
                                                                  10.556171,
                                                                  52.960553
                                                              ],
                                                              [
                                                                  10.556112,
                                                                  52.960558
                                                              ],
                                                              [
                                                                  10.556051,
                                                                  52.960554
                                                              ],
                                                              [
                                                                  10.555994,
                                                                  52.96054
                                                              ],
                                                              [
                                                                  10.555945,
                                                                  52.960518
                                                              ],
                                                              [
                                                                  10.555907,
                                                                  52.960489
                                                              ],
                                                              [
                                                                  10.555884,
                                                                  52.960455
                                                              ],
                                                              [
                                                                  10.555875,
                                                                  52.960418
                                                              ],
                                                              [
                                                                  10.555713,
                                                                  52.960368
                                                              ],
                                                              [
                                                                  10.555453,
                                                                  52.960296
                                                              ],
                                                              [
                                                                  10.55536,
                                                                  52.960277
                                                              ],
                                                              [
                                                                  10.555249,
                                                                  52.960249
                                                              ],
                                                              [
                                                                  10.555126,
                                                                  52.960216
                                                              ],
                                                              [
                                                                  10.554866,
                                                                  52.960132
                                                              ],
                                                              [
                                                                  10.554344,
                                                                  52.959935
                                                              ],
                                                              [
                                                                  10.554121,
                                                                  52.959834
                                                              ],
                                                              [
                                                                  10.553992,
                                                                  52.959771
                                                              ],
                                                              [
                                                                  10.553492,
                                                                  52.959484
                                                              ],
                                                              [
                                                                  10.553418,
                                                                  52.959446
                                                              ],
                                                              [
                                                                  10.553197,
                                                                  52.959303
                                                              ],
                                                              [
                                                                  10.552962,
                                                                  52.95913
                                                              ],
                                                              [
                                                                  10.552826,
                                                                  52.959018
                                                              ],
                                                              [
                                                                  10.552408,
                                                                  52.958675
                                                              ],
                                                              [
                                                                  10.552283,
                                                                  52.958555
                                                              ],
                                                              [
                                                                  10.552039,
                                                                  52.958321
                                                              ],
                                                              [
                                                                  10.55155,
                                                                  52.957843
                                                              ],
                                                              [
                                                                  10.551136,
                                                                  52.957441
                                                              ],
                                                              [
                                                                  10.550752,
                                                                  52.957069
                                                              ],
                                                              [
                                                                  10.550542,
                                                                  52.956865
                                                              ],
                                                              [
                                                                  10.550187,
                                                                  52.956521
                                                              ],
                                                              [
                                                                  10.549904,
                                                                  52.956235
                                                              ],
                                                              [
                                                                  10.549736,
                                                                  52.956056
                                                              ],
                                                              [
                                                                  10.549607,
                                                                  52.955892
                                                              ],
                                                              [
                                                                  10.549479,
                                                                  52.955707
                                                              ],
                                                              [
                                                                  10.549323,
                                                                  52.955439
                                                              ],
                                                              [
                                                                  10.549303,
                                                                  52.955399
                                                              ],
                                                              [
                                                                  10.549083,
                                                                  52.954956
                                                              ],
                                                              [
                                                                  10.549019,
                                                                  52.954827
                                                              ],
                                                              [
                                                                  10.548805,
                                                                  52.954395
                                                              ],
                                                              [
                                                                  10.548792,
                                                                  52.954367
                                                              ],
                                                              [
                                                                  10.548777,
                                                                  52.954339
                                                              ],
                                                              [
                                                                  10.548734,
                                                                  52.954251
                                                              ],
                                                              [
                                                                  10.548386,
                                                                  52.953559
                                                              ],
                                                              [
                                                                  10.547893,
                                                                  52.952591
                                                              ],
                                                              [
                                                                  10.547677,
                                                                  52.95228
                                                              ],
                                                              [
                                                                  10.547355,
                                                                  52.951907
                                                              ],
                                                              [
                                                                  10.54649,
                                                                  52.950945
                                                              ],
                                                              [
                                                                  10.546081,
                                                                  52.950505
                                                              ],
                                                              [
                                                                  10.545233,
                                                                  52.949574
                                                              ],
                                                              [
                                                                  10.54515,
                                                                  52.949485
                                                              ],
                                                              [
                                                                  10.544981,
                                                                  52.949288
                                                              ],
                                                              [
                                                                  10.544835,
                                                                  52.949118
                                                              ],
                                                              [
                                                                  10.54465,
                                                                  52.948902
                                                              ],
                                                              [
                                                                  10.543483,
                                                                  52.947649
                                                              ],
                                                              [
                                                                  10.542804,
                                                                  52.946905
                                                              ],
                                                              [
                                                                  10.542596,
                                                                  52.946674
                                                              ],
                                                              [
                                                                  10.542549,
                                                                  52.946622
                                                              ],
                                                              [
                                                                  10.541934,
                                                                  52.945953
                                                              ],
                                                              [
                                                                  10.541214,
                                                                  52.945164
                                                              ],
                                                              [
                                                                  10.541161,
                                                                  52.945106
                                                              ],
                                                              [
                                                                  10.538543,
                                                                  52.942239
                                                              ],
                                                              [
                                                                  10.53676,
                                                                  52.940286
                                                              ],
                                                              [
                                                                  10.534972,
                                                                  52.938327
                                                              ],
                                                              [
                                                                  10.534727,
                                                                  52.938059
                                                              ],
                                                              [
                                                                  10.534451,
                                                                  52.937757
                                                              ],
                                                              [
                                                                  10.534335,
                                                                  52.93765
                                                              ],
                                                              [
                                                                  10.533938,
                                                                  52.937346
                                                              ],
                                                              [
                                                                  10.533312,
                                                                  52.936888
                                                              ],
                                                              [
                                                                  10.533153,
                                                                  52.936772
                                                              ],
                                                              [
                                                                  10.532503,
                                                                  52.936239
                                                              ],
                                                              [
                                                                  10.532324,
                                                                  52.936039
                                                              ],
                                                              [
                                                                  10.531998,
                                                                  52.935642
                                                              ],
                                                              [
                                                                  10.531834,
                                                                  52.935343
                                                              ],
                                                              [
                                                                  10.531706,
                                                                  52.935086
                                                              ],
                                                              [
                                                                  10.531573,
                                                                  52.934806
                                                              ],
                                                              [
                                                                  10.531438,
                                                                  52.934488
                                                              ],
                                                              [
                                                                  10.53121,
                                                                  52.933951
                                                              ],
                                                              [
                                                                  10.531039,
                                                                  52.933549
                                                              ],
                                                              [
                                                                  10.53072,
                                                                  52.932939
                                                              ],
                                                              [
                                                                  10.530676,
                                                                  52.932854
                                                              ],
                                                              [
                                                                  10.530608,
                                                                  52.932843
                                                              ],
                                                              [
                                                                  10.530551,
                                                                  52.932817
                                                              ],
                                                              [
                                                                  10.53052,
                                                                  52.932791
                                                              ],
                                                              [
                                                                  10.530502,
                                                                  52.932761
                                                              ],
                                                              [
                                                                  10.530497,
                                                                  52.932729
                                                              ],
                                                              [
                                                                  10.530509,
                                                                  52.932695
                                                              ],
                                                              [
                                                                  10.530537,
                                                                  52.932664
                                                              ],
                                                              [
                                                                  10.530577,
                                                                  52.93264
                                                              ],
                                                              [
                                                                  10.530543,
                                                                  52.932543
                                                              ],
                                                              [
                                                                  10.530182,
                                                                  52.931521
                                                              ],
                                                              [
                                                                  10.52945,
                                                                  52.92986
                                                              ],
                                                              [
                                                                  10.529136,
                                                                  52.929117
                                                              ],
                                                              [
                                                                  10.529112,
                                                                  52.92906
                                                              ],
                                                              [
                                                                  10.528827,
                                                                  52.928444
                                                              ],
                                                              [
                                                                  10.528716,
                                                                  52.928178
                                                              ],
                                                              [
                                                                  10.528439,
                                                                  52.927499
                                                              ],
                                                              [
                                                                  10.528162,
                                                                  52.926817
                                                              ],
                                                              [
                                                                  10.52804,
                                                                  52.926523
                                                              ],
                                                              [
                                                                  10.527908,
                                                                  52.926206
                                                              ],
                                                              [
                                                                  10.527818,
                                                                  52.925992
                                                              ],
                                                              [
                                                                  10.527684,
                                                                  52.925681
                                                              ],
                                                              [
                                                                  10.527539,
                                                                  52.925334
                                                              ],
                                                              [
                                                                  10.527434,
                                                                  52.925091
                                                              ],
                                                              [
                                                                  10.526624,
                                                                  52.923173
                                                              ],
                                                              [
                                                                  10.526425,
                                                                  52.922702
                                                              ],
                                                              [
                                                                  10.526317,
                                                                  52.922446
                                                              ],
                                                              [
                                                                  10.526242,
                                                                  52.922273
                                                              ],
                                                              [
                                                                  10.526146,
                                                                  52.922283
                                                              ],
                                                              [
                                                                  10.52587,
                                                                  52.922297
                                                              ],
                                                              [
                                                                  10.525714,
                                                                  52.922297
                                                              ],
                                                              [
                                                                  10.525539,
                                                                  52.922282
                                                              ],
                                                              [
                                                                  10.523601,
                                                                  52.921889
                                                              ],
                                                              [
                                                                  10.522106,
                                                                  52.921585
                                                              ],
                                                              [
                                                                  10.521783,
                                                                  52.921516
                                                              ],
                                                              [
                                                                  10.519972,
                                                                  52.921053
                                                              ],
                                                              [
                                                                  10.518161,
                                                                  52.920561
                                                              ],
                                                              [
                                                                  10.517278,
                                                                  52.920321
                                                              ],
                                                              [
                                                                  10.517056,
                                                                  52.920271
                                                              ],
                                                              [
                                                                  10.516906,
                                                                  52.920244
                                                              ],
                                                              [
                                                                  10.516718,
                                                                  52.920216
                                                              ],
                                                              [
                                                                  10.515655,
                                                                  52.920094
                                                              ],
                                                              [
                                                                  10.51559,
                                                                  52.920087
                                                              ],
                                                              [
                                                                  10.515026,
                                                                  52.920031
                                                              ],
                                                              [
                                                                  10.51449,
                                                                  52.919978
                                                              ],
                                                              [
                                                                  10.510628,
                                                                  52.919584
                                                              ],
                                                              [
                                                                  10.508944,
                                                                  52.919409
                                                              ],
                                                              [
                                                                  10.508321,
                                                                  52.919336
                                                              ],
                                                              [
                                                                  10.50746,
                                                                  52.919248
                                                              ],
                                                              [
                                                                  10.506461,
                                                                  52.919149
                                                              ],
                                                              [
                                                                  10.505703,
                                                                  52.919131
                                                              ],
                                                              [
                                                                  10.505237,
                                                                  52.919196
                                                              ],
                                                              [
                                                                  10.504839,
                                                                  52.919308
                                                              ],
                                                              [
                                                                  10.504451,
                                                                  52.91945
                                                              ],
                                                              [
                                                                  10.504078,
                                                                  52.919632
                                                              ],
                                                              [
                                                                  10.503537,
                                                                  52.919964
                                                              ],
                                                              [
                                                                  10.499147,
                                                                  52.922753
                                                              ],
                                                              [
                                                                  10.496459,
                                                                  52.924511
                                                              ],
                                                              [
                                                                  10.495659,
                                                                  52.925373
                                                              ],
                                                              [
                                                                  10.494728,
                                                                  52.926523
                                                              ],
                                                              [
                                                                  10.49394,
                                                                  52.927428
                                                              ],
                                                              [
                                                                  10.493682,
                                                                  52.927645
                                                              ],
                                                              [
                                                                  10.493324,
                                                                  52.927885
                                                              ],
                                                              [
                                                                  10.491022,
                                                                  52.92932
                                                              ],
                                                              [
                                                                  10.490959,
                                                                  52.92936
                                                              ],
                                                              [
                                                                  10.490702,
                                                                  52.929522
                                                              ],
                                                              [
                                                                  10.490102,
                                                                  52.929846
                                                              ],
                                                              [
                                                                  10.489628,
                                                                  52.930062
                                                              ],
                                                              [
                                                                  10.488906,
                                                                  52.930394
                                                              ],
                                                              [
                                                                  10.488128,
                                                                  52.93084
                                                              ],
                                                              [
                                                                  10.487396,
                                                                  52.93128
                                                              ],
                                                              [
                                                                  10.486313,
                                                                  52.932008
                                                              ],
                                                              [
                                                                  10.485997,
                                                                  52.932221
                                                              ],
                                                              [
                                                                  10.484618,
                                                                  52.933203
                                                              ],
                                                              [
                                                                  10.48305,
                                                                  52.934002
                                                              ],
                                                              [
                                                                  10.482975,
                                                                  52.934077
                                                              ],
                                                              [
                                                                  10.482935,
                                                                  52.934168
                                                              ],
                                                              [
                                                                  10.482948,
                                                                  52.934274
                                                              ],
                                                              [
                                                                  10.483185,
                                                                  52.934611
                                                              ],
                                                              [
                                                                  10.483751,
                                                                  52.935433
                                                              ],
                                                              [
                                                                  10.483902,
                                                                  52.93557
                                                              ],
                                                              [
                                                                  10.484119,
                                                                  52.93568
                                                              ],
                                                              [
                                                                  10.484182,
                                                                  52.935702
                                                              ],
                                                              [
                                                                  10.484328,
                                                                  52.935754
                                                              ],
                                                              [
                                                                  10.484941,
                                                                  52.935944
                                                              ],
                                                              [
                                                                  10.485208,
                                                                  52.936059
                                                              ],
                                                              [
                                                                  10.485335,
                                                                  52.936148
                                                              ],
                                                              [
                                                                  10.485403,
                                                                  52.936234
                                                              ],
                                                              [
                                                                  10.485437,
                                                                  52.936358
                                                              ],
                                                              [
                                                                  10.485427,
                                                                  52.93659
                                                              ],
                                                              [
                                                                  10.485379,
                                                                  52.936933
                                                              ],
                                                              [
                                                                  10.485312,
                                                                  52.937416
                                                              ],
                                                              [
                                                                  10.484801,
                                                                  52.941075
                                                              ],
                                                              [
                                                                  10.484312,
                                                                  52.943733
                                                              ],
                                                              [
                                                                  10.483641,
                                                                  52.947458
                                                              ],
                                                              [
                                                                  10.483569,
                                                                  52.947735
                                                              ],
                                                              [
                                                                  10.483457,
                                                                  52.948012
                                                              ],
                                                              [
                                                                  10.483104,
                                                                  52.948646
                                                              ],
                                                              [
                                                                  10.482818,
                                                                  52.949178
                                                              ],
                                                              [
                                                                  10.482695,
                                                                  52.949316
                                                              ],
                                                              [
                                                                  10.482702,
                                                                  52.949429
                                                              ],
                                                              [
                                                                  10.482589,
                                                                  52.949912
                                                              ],
                                                              [
                                                                  10.4826,
                                                                  52.950193
                                                              ],
                                                              [
                                                                  10.482654,
                                                                  52.950497
                                                              ],
                                                              [
                                                                  10.482704,
                                                                  52.95064
                                                              ],
                                                              [
                                                                  10.483123,
                                                                  52.951561
                                                              ],
                                                              [
                                                                  10.483236,
                                                                  52.951931
                                                              ],
                                                              [
                                                                  10.483326,
                                                                  52.952281
                                                              ],
                                                              [
                                                                  10.483307,
                                                                  52.952437
                                                              ],
                                                              [
                                                                  10.483413,
                                                                  52.952603
                                                              ],
                                                              [
                                                                  10.483494,
                                                                  52.952879
                                                              ],
                                                              [
                                                                  10.483552,
                                                                  52.953103
                                                              ],
                                                              [
                                                                  10.483749,
                                                                  52.953937
                                                              ],
                                                              [
                                                                  10.48379,
                                                                  52.954013
                                                              ],
                                                              [
                                                                  10.484337,
                                                                  52.953957
                                                              ],
                                                              [
                                                                  10.484803,
                                                                  52.953912
                                                              ],
                                                              [
                                                                  10.486228,
                                                                  52.953822
                                                              ],
                                                              [
                                                                  10.487013,
                                                                  52.953777
                                                              ],
                                                              [
                                                                  10.487176,
                                                                  52.953767
                                                              ],
                                                              [
                                                                  10.488381,
                                                                  52.953697
                                                              ],
                                                              [
                                                                  10.491264,
                                                                  52.953531
                                                              ],
                                                              [
                                                                  10.491916,
                                                                  52.953461
                                                              ],
                                                              [
                                                                  10.492377,
                                                                  52.953372
                                                              ],
                                                              [
                                                                  10.496625,
                                                                  52.952371
                                                              ],
                                                              [
                                                                  10.497717,
                                                                  52.952123
                                                              ],
                                                              [
                                                                  10.49812,
                                                                  52.952054
                                                              ],
                                                              [
                                                                  10.498592,
                                                                  52.951973
                                                              ],
                                                              [
                                                                  10.499357,
                                                                  52.951875
                                                              ],
                                                              [
                                                                  10.50013,
                                                                  52.951838
                                                              ],
                                                              [
                                                                  10.500916,
                                                                  52.951834
                                                              ],
                                                              [
                                                                  10.501511,
                                                                  52.95186
                                                              ],
                                                              [
                                                                  10.502061,
                                                                  52.951911
                                                              ],
                                                              [
                                                                  10.502736,
                                                                  52.952004
                                                              ],
                                                              [
                                                                  10.504899,
                                                                  52.952376
                                                              ],
                                                              [
                                                                  10.505393,
                                                                  52.952463
                                                              ],
                                                              [
                                                                  10.505993,
                                                                  52.952533
                                                              ],
                                                              [
                                                                  10.506577,
                                                                  52.952577
                                                              ],
                                                              [
                                                                  10.507168,
                                                                  52.952594
                                                              ],
                                                              [
                                                                  10.507824,
                                                                  52.952586
                                                              ],
                                                              [
                                                                  10.510229,
                                                                  52.952486
                                                              ],
                                                              [
                                                                  10.515307,
                                                                  52.952256
                                                              ],
                                                              [
                                                                  10.51564,
                                                                  52.952247
                                                              ],
                                                              [
                                                                  10.515992,
                                                                  52.952248
                                                              ],
                                                              [
                                                                  10.516385,
                                                                  52.952262
                                                              ],
                                                              [
                                                                  10.516773,
                                                                  52.952292
                                                              ],
                                                              [
                                                                  10.517156,
                                                                  52.952333
                                                              ],
                                                              [
                                                                  10.517553,
                                                                  52.952384
                                                              ],
                                                              [
                                                                  10.517935,
                                                                  52.952437
                                                              ],
                                                              [
                                                                  10.522979,
                                                                  52.95323
                                                              ],
                                                              [
                                                                  10.525072,
                                                                  52.953551
                                                              ],
                                                              [
                                                                  10.525625,
                                                                  52.953636
                                                              ],
                                                              [
                                                                  10.526411,
                                                                  52.953776
                                                              ],
                                                              [
                                                                  10.527213,
                                                                  52.953944
                                                              ],
                                                              [
                                                                  10.527565,
                                                                  52.954034
                                                              ],
                                                              [
                                                                  10.527895,
                                                                  52.954122
                                                              ],
                                                              [
                                                                  10.528849,
                                                                  52.954398
                                                              ],
                                                              [
                                                                  10.52926,
                                                                  52.9545
                                                              ],
                                                              [
                                                                  10.529943,
                                                                  52.954653
                                                              ],
                                                              [
                                                                  10.530599,
                                                                  52.954787
                                                              ],
                                                              [
                                                                  10.532382,
                                                                  52.955141
                                                              ],
                                                              [
                                                                  10.532759,
                                                                  52.955216
                                                              ],
                                                              [
                                                                  10.533101,
                                                                  52.955284
                                                              ],
                                                              [
                                                                  10.535084,
                                                                  52.95568
                                                              ],
                                                              [
                                                                  10.539208,
                                                                  52.956496
                                                              ],
                                                              [
                                                                  10.539869,
                                                                  52.956624
                                                              ],
                                                              [
                                                                  10.540211,
                                                                  52.95668
                                                              ],
                                                              [
                                                                  10.540554,
                                                                  52.956727
                                                              ],
                                                              [
                                                                  10.540845,
                                                                  52.956757
                                                              ],
                                                              [
                                                                  10.541139,
                                                                  52.956775
                                                              ],
                                                              [
                                                                  10.541433,
                                                                  52.956786
                                                              ],
                                                              [
                                                                  10.541723,
                                                                  52.956788
                                                              ],
                                                              [
                                                                  10.542012,
                                                                  52.956786
                                                              ],
                                                              [
                                                                  10.542343,
                                                                  52.956778
                                                              ],
                                                              [
                                                                  10.54306,
                                                                  52.956753
                                                              ],
                                                              [
                                                                  10.543752,
                                                                  52.956728
                                                              ],
                                                              [
                                                                  10.543892,
                                                                  52.956724
                                                              ],
                                                              [
                                                                  10.544491,
                                                                  52.956706
                                                              ],
                                                              [
                                                                  10.544941,
                                                                  52.956692
                                                              ],
                                                              [
                                                                  10.545148,
                                                                  52.956686
                                                              ],
                                                              [
                                                                  10.545577,
                                                                  52.956673
                                                              ],
                                                              [
                                                                  10.545758,
                                                                  52.956667
                                                              ],
                                                              [
                                                                  10.546416,
                                                                  52.956648
                                                              ],
                                                              [
                                                                  10.546994,
                                                                  52.95663
                                                              ],
                                                              [
                                                                  10.547153,
                                                                  52.956625
                                                              ],
                                                              [
                                                                  10.547345,
                                                                  52.95662
                                                              ],
                                                              [
                                                                  10.547401,
                                                                  52.956618
                                                              ],
                                                              [
                                                                  10.547771,
                                                                  52.956607
                                                              ],
                                                              [
                                                                  10.547924,
                                                                  52.956602
                                                              ],
                                                              [
                                                                  10.54927,
                                                                  52.956562
                                                              ],
                                                              [
                                                                  10.550168,
                                                                  52.956522
                                                              ],
                                                              [
                                                                  10.550187,
                                                                  52.956521
                                                              ],
                                                              [
                                                                  10.550542,
                                                                  52.956865
                                                              ],
                                                              [
                                                                  10.550752,
                                                                  52.957069
                                                              ],
                                                              [
                                                                  10.551136,
                                                                  52.957441
                                                              ],
                                                              [
                                                                  10.55155,
                                                                  52.957843
                                                              ],
                                                              [
                                                                  10.552039,
                                                                  52.958321
                                                              ],
                                                              [
                                                                  10.552283,
                                                                  52.958555
                                                              ],
                                                              [
                                                                  10.552408,
                                                                  52.958675
                                                              ],
                                                              [
                                                                  10.552288,
                                                                  52.958709
                                                              ],
                                                              [
                                                                  10.551562,
                                                                  52.958914
                                                              ],
                                                              [
                                                                  10.55149,
                                                                  52.958935
                                                              ],
                                                              [
                                                                  10.551054,
                                                                  52.959058
                                                              ],
                                                              [
                                                                  10.550925,
                                                                  52.959094
                                                              ],
                                                              [
                                                                  10.550536,
                                                                  52.959208
                                                              ],
                                                              [
                                                                  10.550127,
                                                                  52.959384
                                                              ],
                                                              [
                                                                  10.550113,
                                                                  52.95939
                                                              ],
                                                              [
                                                                  10.549641,
                                                                  52.959594
                                                              ],
                                                              [
                                                                  10.549535,
                                                                  52.95964
                                                              ],
                                                              [
                                                                  10.549524,
                                                                  52.959645
                                                              ],
                                                              [
                                                                  10.549075,
                                                                  52.95985
                                                              ],
                                                              [
                                                                  10.549056,
                                                                  52.959859
                                                              ],
                                                              [
                                                                  10.548633,
                                                                  52.960052
                                                              ],
                                                              [
                                                                  10.548367,
                                                                  52.960174
                                                              ],
                                                              [
                                                                  10.548327,
                                                                  52.960192
                                                              ],
                                                              [
                                                                  10.54831,
                                                                  52.9602
                                                              ],
                                                              [
                                                                  10.548235,
                                                                  52.960234
                                                              ],
                                                              [
                                                                  10.548072,
                                                                  52.960308
                                                              ],
                                                              [
                                                                  10.54784,
                                                                  52.960415
                                                              ],
                                                              [
                                                                  10.546336,
                                                                  52.961091
                                                              ],
                                                              [
                                                                  10.546243,
                                                                  52.961135
                                                              ],
                                                              [
                                                                  10.546165,
                                                                  52.961172
                                                              ],
                                                              [
                                                                  10.546066,
                                                                  52.961219
                                                              ],
                                                              [
                                                                  10.545896,
                                                                  52.9613
                                                              ],
                                                              [
                                                                  10.545549,
                                                                  52.961464
                                                              ],
                                                              [
                                                                  10.545161,
                                                                  52.961649
                                                              ],
                                                              [
                                                                  10.545071,
                                                                  52.961695
                                                              ],
                                                              [
                                                                  10.544967,
                                                                  52.961763
                                                              ],
                                                              [
                                                                  10.544812,
                                                                  52.961898
                                                              ],
                                                              [
                                                                  10.544752,
                                                                  52.961949
                                                              ],
                                                              [
                                                                  10.544657,
                                                                  52.962032
                                                              ],
                                                              [
                                                                  10.544443,
                                                                  52.962215
                                                              ],
                                                              [
                                                                  10.544313,
                                                                  52.962301
                                                              ],
                                                              [
                                                                  10.543682,
                                                                  52.962719
                                                              ],
                                                              [
                                                                  10.543586,
                                                                  52.96278
                                                              ],
                                                              [
                                                                  10.543512,
                                                                  52.962814
                                                              ],
                                                              [
                                                                  10.543448,
                                                                  52.962843
                                                              ],
                                                              [
                                                                  10.543287,
                                                                  52.962895
                                                              ],
                                                              [
                                                                  10.543092,
                                                                  52.962942
                                                              ],
                                                              [
                                                                  10.542467,
                                                                  52.963097
                                                              ],
                                                              [
                                                                  10.542318,
                                                                  52.963139
                                                              ],
                                                              [
                                                                  10.542213,
                                                                  52.963177
                                                              ],
                                                              [
                                                                  10.5421,
                                                                  52.963222
                                                              ],
                                                              [
                                                                  10.54213,
                                                                  52.963239
                                                              ],
                                                              [
                                                                  10.542166,
                                                                  52.963283
                                                              ],
                                                              [
                                                                  10.542175,
                                                                  52.963332
                                                              ],
                                                              [
                                                                  10.542156,
                                                                  52.963379
                                                              ],
                                                              [
                                                                  10.542111,
                                                                  52.96342
                                                              ],
                                                              [
                                                                  10.542046,
                                                                  52.963449
                                                              ],
                                                              [
                                                                  10.542109,
                                                                  52.963516
                                                              ],
                                                              [
                                                                  10.542291,
                                                                  52.963714
                                                              ],
                                                              [
                                                                  10.54241,
                                                                  52.963848
                                                              ],
                                                              [
                                                                  10.542583,
                                                                  52.964025
                                                              ],
                                                              [
                                                                  10.542745,
                                                                  52.964162
                                                              ],
                                                              [
                                                                  10.542867,
                                                                  52.964246
                                                              ],
                                                              [
                                                                  10.54306,
                                                                  52.964361
                                                              ],
                                                              [
                                                                  10.543669,
                                                                  52.964649
                                                              ],
                                                              [
                                                                  10.544596,
                                                                  52.965082
                                                              ],
                                                              [
                                                                  10.544758,
                                                                  52.965165
                                                              ],
                                                              [
                                                                  10.545301,
                                                                  52.965442
                                                              ],
                                                              [
                                                                  10.545584,
                                                                  52.965601
                                                              ],
                                                              [
                                                                  10.545878,
                                                                  52.965768
                                                              ],
                                                              [
                                                                  10.546682,
                                                                  52.966244
                                                              ]
                                                          ],
                                          "type":  "LineString"
                                      }
                     }
                 ]
}
